Município,Posição,Estimativa 2019,Latitude,Longitude,Região Administrativa,Porte,i-Amb
Adamantina,184,35068,-21.682,-51.0737,Região Administrativa de Presidente Prudente,Médio,B+
Adolfo,567,3562,-21.2325,-49.6451,Região Administrativa de São José do Rio Preto,Muito Pequeno,B+
Aguaí,176,36305,-22.0572,-46.9735,Região Administrativa de Campinas,Médio,C
Agudos,173,37214,-22.4694,-48.9863,Região Administrativa de Bauru,Médio,B+
Alambari,470,6025,-23.5503,-47.898,Região Administrativa de Sorocaba,Pequeno,C
Alfredo Marcondes,539,4166,-21.9527,-51.414,Região Administrativa de Presidente Prudente,Muito Pequeno,B
Altair,541,4160,-20.5242,-49.0571,Região Administrativa de Barretos,Muito Pequeno,B
Altinópolis,298,16184,-21.0214,-47.3712,Região Administrativa de Ribeirão Preto,Pequeno,B
Alto Alegre,545,4099,-21.5811,-50.168,Região Administrativa de Araçatuba,Muito Pequeno,B
Alumínio,270,18628,-23.5306,-47.2546,Região Administrativa de Sorocaba,Pequeno,B
Alvinlândia,578,3222,-22.4435,-49.7623,Região Administrativa de Marília,Muito Pequeno,B+
Americana,34,239597,-22.7374,-47.3331,Região Administrativa de Campinas,Grande,B
Amparo,105,72195,-22.7088,-46.772,Região Administrativa de Campinas,Médio,B
Américo Brasiliense,168,40504,-21.7288,-48.1147,Região Administrativa Central,Médio,B
Américo de Campos,474,5969,-20.2985,-49.7359,Região Administrativa de São José do Rio Preto,Pequeno,C+
Analândia,503,4995,-22.1289,-47.6619,Região Administrativa de Campinas,Muito Pequeno,C
Andradina,124,57157,-20.8948,-51.3786,Região Administrativa de Araçatuba,Médio,A
Angatuba,227,25228,-23.4917,-48.4139,Região Administrativa de Itapeva,Médio,B+
Anhembi,446,6724,-22.793000000000006,-48.1336,Região Administrativa de Sorocaba,Pequeno,C+
Anhumas,543,4115,-22.2934,-51.3895,Região Administrativa de Presidente Prudente,Muito Pequeno,B+
Aparecida,177,36157,-22.8495,-45.2325,Região Administrativa de São José dos Campos,Médio,B
Aparecida d'Oeste,536,4196,-20.4487,-50.8835,Região Administrativa de São José do Rio Preto,Muito Pequeno,C+
Apiaí,235,24374,-24.5108,-48.8443,Região Administrativa de Itapeva,Médio,C
Aramina,487,5620,-20.0882,-47.7873,Região Administrativa de Franca,Pequeno,B+
Arandu,456,6357,-23.1386,-49.0487,Região Administrativa de Itapeva,Pequeno,C
Arapeí,610,2469,-22.6717,-44.4441,Região Administrativa de São José dos Campos,Muito Pequeno,C
Araraquara,37,236072,-21.7845,-48.178,Região Administrativa Central,Grande,B+
Araras,58,134236,-22.3572,-47.3842,Região Administrativa de Campinas,Médio,B+
Araçariguama,241,22364,-23.4366,-47.0608,Região Administrativa de Sorocaba,Médio,C
Araçatuba,42,197016,-21.2076,-50.4401,Região Administrativa de Araçatuba,Médio,B
Araçoiaba da Serra,187,34146,-23.5029,-47.6166,Região Administrativa de Sorocaba,Médio,B
Arco-Íris,636,1791,-21.7728,-50.466,Região Administrativa de Marília,Muito Pequeno,B
Arealva,408,8560,-22.031,-48.9135,Região Administrativa de Bauru,Pequeno,C
Areias,556,3886,-22.5786,-44.6992,Região Administrativa de São José dos Campos,Muito Pequeno,C
Areiópolis,364,11129,-22.6672,-48.6681,Região Administrativa de Sorocaba,Pequeno,C
Ariranha,384,9668,-21.1872,-48.7904,Região Administrativa de São José do Rio Preto,Pequeno,B
Artur Nogueira,132,54408,-22.5727,-47.1727,Região Administrativa de Campinas,Médio,B+
Arujá,90,89824,-23.3965,-46.32,Região Metropolitana de São Paulo,Médio,B
Aspásia,634,1822,-20.16,-50.728,Região Administrativa de São José do Rio Preto,Muito Pequeno,B+
Assis,77,104386,-22.66,-50.4183,Região Administrativa de Marília,Médio,B
Atibaia,56,142761,-23.1171,-46.5563,Região Administrativa de Campinas,Médio,B+
Auriflama,309,15189,-20.6836,-50.5572,Região Administrativa de Araçatuba,Pequeno,C
Avanhandava,327,13649,-21.4584,-49.9509,Região Administrativa de Araçatuba,Pequeno,B+
Avaré,89,90655,-23.1067,-48.9251,Região Administrativa de Sorocaba,Médio,C
Avaí,493,5403,-22.1514,-49.3356,Região Administrativa de Bauru,Pequeno,C
Bady Bassitt,283,17502,-20.9197,-49.4385,Região Administrativa de São José do Rio Preto,Pequeno,B
Balbinos,484,5735,-21.8963,-49.3619,Região Administrativa de Bauru,Pequeno,C
Bananal,366,10945,-22.6819,-44.3281,Região Administrativa de São José dos Campos,Pequeno,C
Barbosa,435,7402,-21.2657,-49.9518,Região Administrativa de Araçatuba,Pequeno,C+
Bariri,181,35264,-22.073,-48.7438,Região Administrativa de Bauru,Médio,A
Barra Bonita,178,36126,-22.4909,-48.5583,Região Administrativa de Bauru,Médio,B+
Barra do Chapéu,485,5724,-24.4722,-49.0238,Região Administrativa de Itapeva,Pequeno,C
Barra do Turvo,429,7659,-24.759,-48.5013,Região Administrativa de Registro,Pequeno,C
Barretos,66,122098,-20.5531,-48.5698,Região Administrativa de Barretos,Médio,B
Barrinha,194,32812,-21.1864,-48.1636,Região Administrativa de Ribeirão Preto,Médio,C
Barueri,29,274182,-23.5057,-46.879,Região Metropolitana de São Paulo,Grande,B
Barão de Antonina,571,3469,-23.6284,-49.5634,Região Administrativa de Itapeva,Muito Pequeno,B
Bastos,252,20953,-21.921,-50.7357,Região Administrativa de Marília,Médio,B
Batatais,114,62508,-20.8929,-47.5921,Região Administrativa de Franca,Médio,C+
Bauru,18,376818,-22.3246,-49.0871,Região Administrativa de Bauru,Grande,B+
Bebedouro,99,77496,-20.9491,-48.4791,Região Administrativa de Barretos,Médio,B
Bento de Abreu,589,2980,-21.2686,-50.81399999999999,Região Administrativa de Araçatuba,Muito Pequeno,B+
Bernardino de Campos,362,11148,-23.0164,-49.4679,Região Administrativa de Marília,Pequeno,C
Bertioga,113,63249,-23.8486,-46.1396,Região Administrativa de Santos,Médio,B
Bilac,419,8034,-21.404,-50.4746,Região Administrativa de Araçatuba,Pequeno,B
Birigui,63,123638,-21.291,-50.3432,Região Administrativa de Araçatuba,Médio,B
Biritiba Mirim,195,32598,-23.5698,-46.0407,Região Metropolitana de São Paulo,Médio,C
Boa Esperança do Sul,315,14923,-21.9918,-48.3906,Região Administrativa Central,Pequeno,C
Bocaina,346,12329,-22.1365,-48.523,Região Administrativa de Bauru,Pequeno,B
Bofete,352,11730,-23.1055,-48.2582,Região Administrativa de Sorocaba,Pequeno,B+
Boituva,116,60997,-23.2855,-47.6786,Região Administrativa de Sorocaba,Médio,B
Bom Jesus dos Perdões,226,25448,-23.1356,-46.4675,Região Administrativa de Campinas,Médio,C
Bom Sucesso de Itararé,554,3954,-24.3155,-49.1451,Região Administrativa de Itapeva,Muito Pequeno,C
Boraceia,511,4823,-22.1926,-48.7808,Região Administrativa de Bauru,Muito Pequeno,B
Borborema,299,16046,-21.6214,-49.0741,Região Administrativa Central,Pequeno,B+
Borebi,601,2653,-22.5728,-48.9707,Região Administrativa de Bauru,Muito Pequeno,C+
Borá,645,837,-22.2696,-50.5409,Região Administrativa de Marília,Muito Pequeno,C
Botucatu,55,146497,-22.8837,-48.4437,Região Administrativa de Sorocaba,Médio,A
Bragança Paulista,48,168668,-22.9527,-46.5419,Região Administrativa de Campinas,Médio,B+
Braúna,486,5686,-21.499,-50.3175,Região Administrativa de Araçatuba,Pequeno,B
Brejo Alegre,592,2865,-21.1651,-50.1861,Região Administrativa de Araçatuba,Muito Pequeno,C
Brodowski,229,24939,-20.9845,-47.6572,Região Administrativa de Ribeirão Preto,Médio,C
Brotas,234,24403,-22.2795,-48.1251,Região Administrativa de Campinas,Médio,B
Buri,261,19878,-23.7977,-48.5958,Região Administrativa de Itapeva,Pequeno,C
Buritama,290,17144,-21.0661,-50.1475,Região Administrativa de Araçatuba,Pequeno,B
Buritizal,529,4481,-20.1911,-47.7096,Região Administrativa de Franca,Muito Pequeno,C
Bálsamo,396,9068,-20.7348,-49.5865,Região Administrativa de São José do Rio Preto,Pequeno,A
Cabreúva,141,49707,-23.3053,-47.1362,Região Administrativa de Campinas,Médio,B+
Cabrália Paulista,533,4264,-22.4576,-49.3393,Região Administrativa de Bauru,Muito Pequeno,B
Cachoeira Paulista,189,33327,-22.6665,-45.0154,Região Administrativa de São José dos Campos,Médio,C
Caconde,265,18985,-21.528,-46.6437,Região Administrativa de Campinas,Pequeno,B
Cafelândia,281,17767,-21.8031,-49.6092,Região Administrativa de Bauru,Pequeno,C
Caiabu,537,4191,-22.0127,-51.2394,Região Administrativa de Presidente Prudente,Muito Pequeno,C
Caieiras,80,101470,-23.3607,-46.7397,Região Metropolitana de São Paulo,Médio,B
Caiuá,476,5874,-21.8322,-51.9969,Região Administrativa de Presidente Prudente,Pequeno,C+
Cajamar,101,76801,-23.355,-46.8781,Região Metropolitana de São Paulo,Médio,C
Cajati,209,28549,-24.7324,-48.1223,Região Administrativa de Registro,Médio,C+
Cajobi,373,10542,-20.8773,-48.8063,Região Administrativa de Barretos,Pequeno,C+
Cajuru,222,26167,-21.2749,-47.303,Região Administrativa de Ribeirão Preto,Médio,B
Campina do Monte Alegre,471,6024,-23.5895,-48.4758,Região Administrativa de Itapeva,Pequeno,B+
Campinas,3,1204073,-22.9053,-47.0659,Região Administrativa de Campinas,Grande,A
Campo Limpo Paulista,93,84650,-23.2078,-46.7889,Região Administrativa de Campinas,Médio,B+
Campos Novos Paulista,504,4965,-22.602,-49.9987,Região Administrativa de São José dos Campos,Médio,C+
Campos do Jordão,135,52088,-22.7296,-45.5833,Região Administrativa de Marília,Muito Pequeno,C+
Cananeia,340,12540,-25.0144,-47.9341,Região Administrativa de Registro,Pequeno,C
Canas,502,5138,-22.7003,-45.0521,Região Administrativa de São José dos Campos,Muito Pequeno,C
Canitar,500,5216,-23.004,-49.7839,Região Administrativa de Marília,Pequeno,C
Capela do Alto,255,20706,-23.4685,-47.7388,Região Administrativa de Sorocaba,Médio,B+
Capivari,128,55768,-22.9951,-47.5071,Região Administrativa de Campinas,Médio,B
Capão Bonito,149,47138,-24.0113,-48.3482,Região Administrativa de Itapeva,Médio,B
Caraguatatuba,71,121532,-23.6125,-45.4125,Região Administrativa de São José dos Campos,Médio,B+
Carapicuíba,17,400927,-23.5235,-46.8407,Região Metropolitana de São Paulo,Grande,C
Cardoso,347,12326,-20.08,-49.9183,Região Administrativa de São José do Rio Preto,Pequeno,C
Casa Branca,201,30380,-21.7708,-47.0852,Região Administrativa de Campinas,Médio,B+
Castilho,251,21006,-20.8689,-51.4884,Região Administrativa de Araçatuba,Médio,A
Catanduva,67,121862,-21.1314,-48.977,Região Administrativa de São José do Rio Preto,Médio,A
Catiguá,424,7804,-21.0519,-49.0616,Região Administrativa de São José do Rio Preto,Pequeno,B
Caçapava,84,94263,-23.0992,-45.7076,Região Administrativa de São José dos Campos,Médio,B
Cedral,393,9237,-20.9009,-49.2664,Região Administrativa de São José do Rio Preto,Pequeno,C
Cerqueira César,260,19985,-23.038,-49.1655,Região Administrativa de Sorocaba,Pequeno,C
Cerquilho,143,48949,-23.1665,-47.7459,Região Administrativa de Sorocaba,Médio,B+
Cesário Lange,277,18148,-23.226,-47.9545,Região Administrativa de Sorocaba,Pequeno,C+
Charqueada,287,17190,-22.5096,-47.7755,Região Administrativa de Campinas,Pequeno,B
Chavantes,343,12418,-23.0366,-49.7096,Região Administrativa de Marília,Pequeno,C
Clementina,406,8617,-21.5604,-50.4525,Região Administrativa de Araçatuba,Pequeno,B+
Colina,273,18468,-20.7114,-48.5387,Região Administrativa de Barretos,Pequeno,B
Colômbia,463,6210,-20.1768,-48.6865,Região Administrativa de Barretos,Pequeno,A
Conchal,211,28050,-22.3375,-47.1729,Região Administrativa de Campinas,Médio,B+
Conchas,278,17896,-23.0154,-48.0134,Região Administrativa de Sorocaba,Pequeno,A
Cordeirópolis,233,24528,-22.4778,-47.4519,Região Administrativa de Campinas,Médio,B
Coroados,469,6058,-21.3521,-50.2859,Região Administrativa de Araçatuba,Pequeno,C
Coronel Macedo,520,4681,-23.6261,-49.31,Região Administrativa de Itapeva,Muito Pequeno,C
Corumbataí,550,4055,-22.2213,-47.6215,Região Administrativa de Campinas,Muito Pequeno,B
Cosmorama,437,7307,-20.4755,-49.7827,Região Administrativa de São José do Rio Preto,Pequeno,B
Cosmópolis,104,72252,-22.6419,-47.1926,Região Administrativa de Campinas,Médio,C+
Cotia,33,249210,-23.6022,-46.919,Região Metropolitana de São Paulo,Grande,B
Cravinhos,180,35292,-21.338,-47.7324,Região Administrativa de Ribeirão Preto,Médio,C+
Cristais Paulista,405,8631,-20.4036,-47.4209,Região Administrativa de Franca,Pequeno,C
Cruzeiro,95,82238,-22.5728,-44.969,Região Administrativa de São José dos Campos,Médio,C
Cruzália,625,2073,-22.7373,-50.7909,Região Administrativa de Marília,Muito Pequeno,B
Cubatão,59,130705,-23.8911,-46.424,Região Administrativa de Santos,Médio,B
Cunha,246,21547,-23.0731,-44.9576,Região Administrativa de São José dos Campos,Médio,C
Cássia dos Coqueiros,606,2523,-21.2801,-47.1643,Região Administrativa de Ribeirão Preto,Muito Pequeno,C+
Cândido Mota,198,31280,-22.7471,-50.3873,Região Administrativa de Marília,Médio,C+
Cândido Rodrigues,595,2793,-21.3275,-48.6327,Região Administrativa Central,Muito Pequeno,B
Descalvado,188,33718,-21.9002,-47.6181,Região Administrativa Central,Médio,C
Diadema,14,423884,-23.6813,-46.6205,Região Metropolitana de São Paulo,Grande,B
Dirce Reis,635,1793,-20.4642,-50.6073,Região Administrativa de São José do Rio Preto,Muito Pequeno,B
Divinolândia,363,11146,-21.6637,-46.7361,Região Administrativa de Campinas,Pequeno,B+
Dobrada,399,8929,-21.5155,-48.3935,Região Administrativa Central,Pequeno,B
Dois Córregos,214,27315,-22.3673,-48.3819,Região Administrativa de Bauru,Médio,C+
Dolcinópolis,621,2115,-20.124,-50.5149,Região Administrativa de São José do Rio Preto,Muito Pequeno,C
Dourado,401,8873,-22.1044,-48.3178,Região Administrativa Central,Pequeno,C
Dracena,150,46793,-21.4843,-51.535,Região Administrativa de Presidente Prudente,Médio,B+
Duartina,342,12445,-22.4146,-49.4084,Região Administrativa de Bauru,Pequeno,B
Dumont,381,9868,-21.2324,-47.9756,Região Administrativa de Ribeirão Preto,Pequeno,B+
Echaporã,465,6102,-22.4326,-50.2038,Região Administrativa de Marília,Pequeno,B
Eldorado,304,15494,-24.5281,-48.1141,Região Administrativa de Registro,Pequeno,C+
Elias Fausto,280,17772,-23.0428,-47.3682,Região Administrativa de Campinas,Pequeno,C+
Elisiário,564,3651,-21.1678,-49.1146,Região Administrativa de São José do Rio Preto,Muito Pequeno,C+
Embaúba,611,2452,-20.9796,-48.8325,Região Administrativa de Barretos,Muito Pequeno,B+
Embu das Artes,30,273726,-23.6437,-46.8579,Região Metropolitana de São Paulo,Grande,C
Embu-Guaçu,106,69385,-23.8297,-46.8136,Região Metropolitana de São Paulo,Médio,C
Emilianópolis,579,3214,-21.8314,-51.4832,Região Administrativa de Presidente Prudente,Muito Pequeno,C
Engenheiro Coelho,254,20773,-22.4836,-47.21100000000001,Região Administrativa de Campinas,Pequeno,B
Espírito Santo do Pinhal,157,44330,-22.1909,-46.7477,Região Administrativa de Campinas,Médio,B+
Espírito Santo do Turvo,510,4829,-22.6925,-49.4341,Região Administrativa de Marília,Muito Pequeno,B
Estiva Gerbi,358,11304,-22.2713,-46.9481,Região Administrativa de Campinas,Pequeno,B
Estrela d'Oeste,410,8419,-20.2875,-50.4049,Região Administrativa de São José do Rio Preto,Pequeno,C
Estrela do Norte,597,2766,-22.4859,-51.6632,Região Administrativa de Presidente Prudente,Muito Pequeno,B
Euclides da Cunha Paulista,388,9371,-22.5545,-52.5928,Região Administrativa de Presidente Prudente,Pequeno,C
Fartura,300,16036,-23.3916,-49.5124,Região Administrativa de Itapeva,Pequeno,B
Fernando Prestes,482,5783,-21.2661,-48.6874,Região Administrativa Central,Pequeno,B
Fernandópolis,107,69116,-20.2806,-50.2471,Região Administrativa de São José do Rio Preto,Médio,B+
Fernão,639,1716,-22.3607,-49.5187,Região Administrativa de Marília,Muito Pequeno,A
Ferraz de Vasconcelos,43,194276,-23.5411,-46.371,Região Metropolitana de São Paulo,Médio,C
Flora Rica,642,1464,-21.6727,-51.3821,Região Administrativa de Presidente Prudente,Muito Pequeno,B+
Floreal,591,2917,-20.6752,-50.1513,Região Administrativa de São José do Rio Preto,Muito Pequeno,B
Flórida Paulista,319,14640,-21.6127,-51.1724,Região Administrativa de Presidente Prudente,Pequeno,B
Franca,21,353187,-20.5352,-47.4039,Região Administrativa de Franca,Grande,B+
Francisco Morato,45,175844,-23.2792,-46.7448,Região Metropolitana de São Paulo,Médio,C
Franco da Rocha,52,154489,-23.3229,-46.729,Região Metropolitana de São Paulo,Médio,C
Gabriel Monteiro,596,2776,-21.5294,-50.5573,Região Administrativa de Araçatuba,Muito Pequeno,B+
Garça,155,44390,-22.2125,-49.6546,Região Administrativa de Marília,Médio,C+
Gastão Vidigal,513,4808,-20.7948,-50.1912,Região Administrativa de Araçatuba,Muito Pequeno,B
Gavião Peixoto,514,4789,-21.8367,-48.4957,Região Administrativa Central,Muito Pequeno,B+
General Salgado,368,10869,-20.6485,-50.364,Região Administrativa de Araçatuba,Pequeno,C
Getulina,356,11409,-21.7961,-49.9312,Região Administrativa de Bauru,Pequeno,B
Glicério,512,4815,-21.3812,-50.2123,Região Administrativa de Araçatuba,Muito Pequeno,B
Guaimbê,483,5765,-21.9091,-49.8986,Região Administrativa de Bauru,Pequeno,C+
Guaiçara,349,12168,-21.6195,-49.8013,Região Administrativa de Bauru,Pequeno,B
Guapiara,289,17157,-24.1892,-48.5295,Região Administrativa de Itapeva,Pequeno,C+
Guapiaçu,249,21454,-20.7959,-49.2172,Região Administrativa de São José do Rio Preto,Médio,C+
Guaraci,359,11188,-20.4977,-48.9391,Região Administrativa de Barretos,Pequeno,C
Guarani d'Oeste,627,2000,-20.0746,-50.3411,Região Administrativa de São José do Rio Preto,Muito Pequeno,B
Guarantã,447,6664,-21.8942,-49.5914,Região Administrativa de Bauru,Pequeno,C
Guararapes,191,32939,-21.2544,-50.6453,Região Administrativa de Araçatuba,Médio,C+
Guararema,204,29798,-23.4112,-46.0369,Região Metropolitana de São Paulo,Médio,B
Guaratinguetá,69,121798,-22.8075,-45.1938,Região Administrativa de São José dos Campos,Médio,B
Guaraçaí,411,8323,-21.0292,-51.2119,Região Administrativa de Araçatuba,Pequeno,B
Guareí,272,18520,-23.3714,-48.1837,Região Administrativa de Sorocaba,Pequeno,C+
Guariba,170,40105,-21.3594,-48.2316,Região Administrativa de Ribeirão Preto,Médio,B+
Guarujá,23,320459,-23.9888,-46.258,Região Administrativa de Santos,Grande,B+
Guarulhos,2,1379182,-23.4538,-46.5333,Região Metropolitana de São Paulo,Grande,B+
Guará,250,21220,-20.4302,-47.8236,Região Administrativa de Franca,Médio,B
Guatapará,430,7656,-21.4944,-48.0356,Região Administrativa de Ribeirão Preto,Pequeno,B
Guaíra,167,40790,-20.3196,-48.312,Região Administrativa de Barretos,Médio,B
Guzolândia,496,5267,-20.6467,-50.6645,Região Administrativa de Araçatuba,Pequeno,B+
Gália,451,6548,-22.2918,-49.5504,Região Administrativa de Marília,Pequeno,B+
Herculândia,387,9526,-22.0038,-50.3907,Região Administrativa de Marília,Pequeno,C
Holambra,314,14930,-22.6405,-47.0487,Região Administrativa de Campinas,Pequeno,B+
Hortolândia,39,230851,-22.8529,-47.2143,Região Administrativa de Campinas,Grande,B+
Iacanga,353,11710,-21.8896,-49.03100000000001,Região Administrativa de Bauru,Pequeno,B+
Iacri,458,6321,-21.8572,-50.6932,Região Administrativa de Marília,Pequeno,B
Iaras,392,9240,-22.8682,-49.1634,Região Administrativa de Sorocaba,Pequeno,C+
Ibaté,183,35104,-21.9584,-47.9882,Região Administrativa Central,Médio,C
Ibirarema,425,7753,-22.8185,-50.0739,Região Administrativa de Marília,Pequeno,A
Ibirá,345,12393,-21.083,-49.2448,Região Administrativa de São José do Rio Preto,Pequeno,C+
Ibitinga,118,60033,-21.7562,-48.8319,Região Administrativa Central,Médio,B
Ibiúna,96,78878,-23.6596,-47.223,Região Administrativa de Sorocaba,Médio,C+
Icém,414,8243,-20.3391,-49.1915,Região Administrativa de São José do Rio Preto,Pequeno,C+
Iepê,416,8159,-22.6602,-51.0779,Região Administrativa de Presidente Prudente,Pequeno,C
Igarapava,200,30432,-20.0407,-47.7466,Região Administrativa de Franca,Médio,C
Igaratá,386,9534,-23.2037,-46.157,Região Administrativa de São José dos Campos,Pequeno,C
Igaraçu do Tietê,231,24674,-22.509,-48.5597,Região Administrativa de Bauru,Médio,C
Iguape,199,30857,-24.699,-47.5537,Região Administrativa de Registro,Médio,C
Ilha Comprida,361,11166,-24.7307,-47.5383,Região Administrativa de Registro,Pequeno,C
Ilha Solteira,218,26686,-20.4326,-51.3426,Região Administrativa de Araçatuba,Médio,C+
Ilhabela,185,34970,-23.7785,-45.3552,Região Administrativa de São José dos Campos,Médio,B
Indaiatuba,32,251627,-23.0816,-47.2101,Região Administrativa de Campinas,Grande,A
Indiana,507,4885,-22.1738,-51.2555,Região Administrativa de Presidente Prudente,Muito Pequeno,C
Indiaporã,555,3897,-19.979,-50.2909,Região Administrativa de São José do Rio Preto,Muito Pequeno,B
Inúbia Paulista,551,3991,-21.7695,-50.9633,Região Administrativa de Presidente Prudente,Muito Pequeno,B
Ipaussu,312,14971,-23.0575,-49.6279,Região Administrativa de Marília,Pequeno,C+
Iperó,174,37133,-23.3513,-47.6927,Região Administrativa de Sorocaba,Médio,C+
Ipeúna,432,7546,-22.4355,-47.7151,Região Administrativa de Campinas,Pequeno,C
Ipiguá,494,5392,-20.6557,-49.3842,Região Administrativa de São José do Rio Preto,Pequeno,C
Iporanga,535,4218,-24.5847,-48.5971,Região Administrativa de Itapeva,Muito Pequeno,C
Ipuã,297,16409,-20.4438,-48.0129,Região Administrativa de Franca,Pequeno,C+
Iracemápolis,236,24235,-22.5832,-47.523,Região Administrativa de Campinas,Médio,C
Irapuru,412,8294,-21.5684,-51.3472,Região Administrativa de Presidente Prudente,Pequeno,B
Irapuã,420,7993,-21.2768,-49.4164,Região Administrativa de São José do Rio Preto,Pequeno,B
Itaberá,282,17556,-23.8638,-49.14,Região Administrativa de Itapeva,Pequeno,C
Itajobi,307,15262,-21.3123,-49.0629,Região Administrativa de São José do Rio Preto,Pequeno,A
Itaju,559,3835,-21.9857,-48.8116,Região Administrativa de Bauru,Muito Pequeno,B+
Itanhaém,79,101816,-24.1736,-46.788,Região Administrativa de Santos,Médio,B+
Itaoca,577,3328,-24.6393,-48.8413,Região Metropolitana de São Paulo,Médio,C
Itapecerica da Serra,46,175693,-23.7161,-46.8572,Região Administrativa de Sorocaba,Médio,C+
Itapetininga,50,163901,-23.5886,-48.0483,Região Administrativa de Itapeva,Médio,C+
Itapeva,83,94354,-23.9788,-48.8764,Região Metropolitana de São Paulo,Grande,B
Itapevi,36,237700,-23.5488,-46.9327,Região Administrativa de Campinas,Médio,B+
Itapira,103,74773,-22.4357,-46.8224,Região Administrativa de Itapeva,Muito Pequeno,C
Itapirapuã Paulista,534,4241,-24.572,-49.1661,Região Administrativa de Itapeva,Pequeno,C+
Itaporanga,310,15149,-23.7043,-49.4819,Região Administrativa de Araçatuba,Muito Pequeno,B
Itapura,505,4906,-20.6419,-51.5063,Região Administrativa de Bauru,Pequeno,C
Itapuí,323,13992,-22.2324,-48.7197,Região Metropolitana de São Paulo,Grande,C
Itaquaquecetuba,19,370821,-23.4835,-46.3457,Região Administrativa de Itapeva,Médio,B
Itararé,138,50503,-24.1085,-49.3352,Região Administrativa de Registro,Pequeno,C
Itariri,285,17436,-24.2834,-47.1736,Região Administrativa de Campinas,Médio,B+
Itatiba,72,120858,-23.0035,-46.8464,Região Administrativa de Sorocaba,Médio,C+
Itatinga,256,20697,-23.1047,-48.6157,Região Administrativa de Itapeva,Médio,C
Itaí,216,27125,-23.4213,-49.092,Região Administrativa de Itapeva,Muito Pequeno,C
Itirapina,276,18157,-22.2562,-47.8166,Região Administrativa de Campinas,Pequeno,B+
Itirapuã,453,6499,-20.6416,-47.2194,Região Administrativa de Franca,Pequeno,C
Itobi,422,7841,-21.7309,-46.9743,Região Administrativa de Campinas,Pequeno,C
Itu,47,173939,-23.2544,-47.2927,Região Administrativa de Sorocaba,Médio,A
Itupeva,115,61252,-23.1526,-47.0593,Região Administrativa de Campinas,Médio,B
Ituverava,163,41824,-20.3355,-47.7902,Região Administrativa de Franca,Médio,B+
Itápolis,160,43120,-21.5942,-48.8149,Região Administrativa Central,Médio,B
Jaborandi,442,6929,-20.6884,-48.4112,Região Administrativa de Barretos,Pequeno,C+
Jaboticabal,100,77263,-21.252,-48.3252,Região Administrativa de Ribeirão Preto,Médio,A
Jacareí,38,233662,-23.2983,-45.9658,Região Administrativa de São José dos Campos,Grande,B
Jaci,439,7067,-20.8805,-49.5797,Região Administrativa de São José do Rio Preto,Pequeno,C+
Jacupiranga,279,17866,-24.6963,-48.0064,Região Administrativa de Registro,Pequeno,C
Jaguariúna,121,57488,-22.7037,-46.9851,Região Administrativa de Campinas,Médio,A
Jales,142,49107,-20.2672,-50.5494,Região Administrativa de São José do Rio Preto,Médio,B
Jambeiro,450,6602,-23.2522,-45.6942,Região Administrativa de São José dos Campos,Pequeno,C+
Jandira,62,124937,-23.5275,-46.9023,Região Metropolitana de São Paulo,Médio,C
Jardinópolis,156,44380,-21.0176,-47.7606,Região Administrativa de Ribeirão Preto,Médio,C
Jarinu,202,30044,-23.1039,-46.728,Região Administrativa de Campinas,Médio,C+
Jaú,54,150252,-22.2936,-48.5592,Região Administrativa de Bauru,Médio,B
Jeriquara,580,3159,-20.3116,-47.5918,Região Administrativa de Franca,Muito Pequeno,B
Joanópolis,333,13220,-22.927,-46.2741,Região Administrativa de Campinas,Pequeno,B+
José Bonifácio,175,37015,-21.0551,-49.6892,Região Administrativa de São José do Rio Preto,Médio,B
João Ramalho,526,4523,-22.2473,-50.7694,Região Administrativa de Marília,Muito Pequeno,C
Jumirim,575,3367,-23.0884,-47.7868,Região Administrativa de Sorocaba,Muito Pequeno,B+
Jundiaí,15,418962,-23.1852,-46.8974,Região Administrativa de Campinas,Grande,B+
Junqueirópolis,257,20679,-21.5103,-51.4342,Região Administrativa de Presidente Prudente,Médio,B+
Juquitiba,197,31444,-23.9244,-47.0653,Região Metropolitana de São Paulo,Médio,C+
Juquiá,268,18812,-24.3101,-47.6426,Região Administrativa de Registro,Pequeno,C+
Júlio Mesquita,517,4776,-22.0112,-49.7873,Região Administrativa de Marília,Muito Pequeno,C+
Lagoinha,506,4896,-23.0846,-45.1944,Região Administrativa de São José dos Campos,Muito Pequeno,B
Laranjal Paulista,210,28516,-23.0506,-47.8375,Região Administrativa de Sorocaba,Médio,B
Lavrinhas,438,7260,-22.57,-44.9024,Região Administrativa de São José dos Campos,Pequeno,C
Lavínia,350,11980,-21.1639,-51.0412,Região Administrativa de Araçatuba,Pequeno,B+
Leme,78,103391,-22.1809,-47.3841,Região Administrativa de Campinas,Médio,C
Lençóis Paulista,109,68432,-22.6027,-48.8037,Região Administrativa de Bauru,Médio,B+
Limeira,25,306114,-22.566,-47.397,Região Administrativa de Campinas,Grande,B+
Lindoia,421,7980,-22.5226,-46.65,Região Administrativa de Campinas,Pequeno,C+
Lins,98,78013,-21.6718,-49.7526,Região Administrativa de Bauru,Médio,B+
Lorena,92,88706,-22.7334,-45.1197,Região Administrativa de São José dos Campos,Médio,B+
Lourdes,616,2289,-20.966,-50.2263,Região Administrativa de Araçatuba,Muito Pequeno,C
Louveira,144,48885,-23.0856,-46.9484,Região Administrativa de Campinas,Médio,B+
Lucianópolis,614,2394,-22.4294,-49.522,Região Administrativa de Bauru,Muito Pequeno,B
Lucélia,245,21747,-21.7182,-51.0215,Região Administrativa de Presidente Prudente,Médio,B
Luiziânia,481,5790,-21.6737,-50.3294,Região Administrativa de Marília,Muito Pequeno,C
Lupércio,523,4584,-22.4146,-49.81800000000001,Região Administrativa de Marília,Muito Pequeno,C+
Lutécia,602,2649,-22.3384,-50.394,Região Administrativa de Ribeirão Preto,Pequeno,B+
Macatuba,288,17163,-22.5002,-48.7102,Região Administrativa de Bauru,Pequeno,B+
Macaubal,417,8120,-20.8022,-49.9687,Região Administrativa de São José do Rio Preto,Pequeno,C+
Macedônia,561,3698,-20.1444,-50.1973,Região Administrativa de São José do Rio Preto,Muito Pequeno,C+
Magda,584,3119,-20.6445,-50.2305,Região Administrativa de São José do Rio Preto,Muito Pequeno,B
Mairinque,148,47150,-23.5398,-47.185,Região Administrativa de Sorocaba,Médio,B
Mairiporã,81,100179,-23.3171,-46.5897,Região Metropolitana de São Paulo,Médio,C+
Manduri,382,9846,-23.0056,-49.3202,Região Administrativa de Sorocaba,Pequeno,B
Marabá Paulista,477,5853,-22.1068,-51.9617,Região Administrativa de Presidente Prudente,Pequeno,C+
Maracaí,322,14002,-22.6149,-50.6713,Região Administrativa de Marília,Pequeno,B
Marapoama,588,3031,-21.2587,-49.13,Região Administrativa de São José do Rio Preto,Muito Pequeno,C
Marinópolis,623,2112,-20.4389,-50.8254,Região Administrativa de São José do Rio Preto,Muito Pequeno,C+
Mariápolis,548,4084,-21.7959,-51.1824,Região Administrativa de Presidente Prudente,Muito Pequeno,B
Martinópolis,221,26461,-22.1462,-51.1709,Região Administrativa de Presidente Prudente,Médio,A
Marília,35,238882,-22.2171,-49.9501,Região Administrativa de Marília,Grande,B+
Matão,94,83170,-21.6025,-48.364,Região Administrativa Central,Médio,B+
Mauá,10,472912,-23.6677,-46.4613,Região Metropolitana de São Paulo,Grande,B+
Mendonça,492,5490,-21.1757,-49.5791,Região Administrativa de São José do Rio Preto,Pequeno,B
Meridiano,558,3836,-20.3579,-50.1811,Região Administrativa de São José do Rio Preto,Muito Pequeno,C
Mesópolis,629,1908,-19.9684,-50.6326,Região Administrativa de São José do Rio Preto,Muito Pequeno,B
Miguelópolis,242,22226,-20.1796,-48.03100000000001,Região Administrativa de Franca,Médio,C
Mineiros do Tietê,338,12908,-22.412,-48.451,Região Administrativa de Bauru,Pequeno,B
Mira Estrela,587,3086,-19.9789,-50.139,Região Administrativa de São José do Rio Preto,Muito Pequeno,B
Miracatu,262,19779,-24.2766,-47.4625,Região Administrativa de Registro,Médio,B
Mirandópolis,206,29564,-21.1313,-51.1035,Região Administrativa de Araçatuba,Médio,B+
Mirante do Paranapanema,274,18259,-22.2904,-51.9084,Região Administrativa de Presidente Prudente,Pequeno,B
Mirassol,119,59824,-20.8169,-49.5206,Região Administrativa de São José do Rio Preto,Médio,C+
Mirassolândia,508,4871,-20.6179,-49.4617,Região Administrativa de São José do Rio Preto,Muito Pequeno,C+
Mococa,108,68885,-21.4647,-47.0024,Região Administrativa de Campinas,Médio,C+
Mogi Guaçu,53,151888,-22.3675,-46.9428,Região Metropolitana de São Paulo,Grande,B+
Mogi Mirim,85,93189,-22.4332,-46.9532,Região Administrativa de Campinas,Médio,B+
Mogi das Cruzes,12,445842,-23.5208,-46.1854,Região Administrativa de Campinas,Médio,C+
Mombuca,570,3493,-22.9285,-47.559,Região Administrativa de Campinas,Muito Pequeno,C+
Mongaguá,125,56702,-24.0809,-46.6265,Região Administrativa de Santos,Médio,B
Monte Alegre do Sul,418,8038,-22.6817,-46.681,Região Administrativa de Campinas,Pequeno,C
Monte Alto,139,50498,-21.2655,-48.4971,Região Administrativa de Ribeirão Preto,Médio,B+
Monte Aprazível,228,25087,-20.768,-49.7184,Região Administrativa de São José do Rio Preto,Médio,C
Monte Azul Paulista,264,19008,-20.9065,-48.6387,Região Administrativa de Barretos,Pequeno,C+
Monte Castelo,540,4166,-21.2981,-51.5679,Região Administrativa de Presidente Prudente,Muito Pequeno,B+
Monte Mor,120,59772,-22.945,-47.3122,Região Administrativa de Campinas,Médio,C+
Monteiro Lobato,521,4653,-22.9544,-45.8407,Região Administrativa de São José dos Campos,Muito Pequeno,C
Monções,617,2259,-20.8509,-50.0975,Região Administrativa de São José do Rio Preto,Muito Pequeno,B
Morro Agudo,190,32968,-20.7288,-48.0581,Região Administrativa de Franca,Médio,B
Morungaba,329,13622,-22.8811,-46.7896,Região Administrativa de Campinas,Pequeno,B+
Motuca,518,4758,-21.5103,-48.1538,Região Administrativa Central,Muito Pequeno,C
Murutinga do Sul,528,4486,-20.9908,-51.2774,Região Administrativa de Araçatuba,Muito Pequeno,C+
Nantes,582,3141,-22.6156,-51.24,Região Administrativa de Presidente Prudente,Muito Pequeno,B
Narandiba,509,4857,-22.4057,-51.5274,Região Administrativa de Presidente Prudente,Muito Pequeno,B+
Natividade da Serra,448,6661,-23.3707,-45.4468,Região Administrativa de São José dos Campos,Pequeno,B
Nazaré Paulista,271,18524,-23.1747,-46.3983,Região Administrativa de Campinas,Pequeno,C
Neves Paulista,398,8930,-20.843000000000004,-49.6358,Região Administrativa de São José do Rio Preto,Pequeno,C
Nhandeara,354,11478,-20.6945,-50.0436,Região Administrativa de São José do Rio Preto,Pequeno,B+
Nipoã,501,5213,-20.9114,-49.7833,Região Administrativa de São José do Rio Preto,Muito Pequeno,B
Nova Aliança,441,6973,-21.0156,-49.4986,Região Administrativa de São José do Rio Preto,Pequeno,B+
Nova Campina,383,9755,-24.1224,-48.9022,Região Administrativa de Itapeva,Pequeno,B
Nova Canaã Paulista,630,1881,-20.3836,-50.9483,Região Administrativa de São José do Rio Preto,Muito Pequeno,C+
Nova Castilho,643,1267,-20.7615,-50.3477,Região Administrativa de Araçatuba,Muito Pequeno,C
Nova Europa,360,11186,-21.7765,-48.5705,Região Administrativa Central,Pequeno,C+
Nova Granada,247,21500,-20.5321,-49.3123,Região Administrativa de São José do Rio Preto,Médio,C
Nova Guataporanga,615,2316,-21.332,-51.6447,Região Administrativa de Presidente Prudente,Muito Pequeno,B
Nova Independência,552,3969,-21.1026,-51.4905,Região Administrativa de Araçatuba,Muito Pequeno,C+
Nova Luzitânia,544,4101,-20.856,-50.2617,Região Administrativa de Araçatuba,Muito Pequeno,B
Nova Odessa,117,60174,-22.7832,-47.2941,Região Administrativa de Campinas,Médio,B
Novais,479,5830,-20.9893,-48.9141,Região Administrativa de São José do Rio Preto,Pequeno,B
Novo Horizonte,164,41052,-21.4651,-49.2234,Região Administrativa de São José do Rio Preto,Médio,A
Nuporanga,434,7432,-20.7296,-47.7429,Região Administrativa de Franca,Pequeno,C+
Ocauçu,532,4289,-22.438,-49.922,Região Administrativa de Marília,Muito Pequeno,C
Olímpia,131,54772,-20.7366,-48.9106,Região Administrativa de Barretos,Médio,B+
Onda Verde,530,4381,-20.6042,-49.2929,Região Administrativa de São José do Rio Preto,Muito Pequeno,C+
Oriente,452,6515,-22.1549,-50.0971,Região Administrativa de Marília,Pequeno,B+
Orindiúva,440,7066,-20.1861,-49.3464,Região Administrativa de São José do Rio Preto,Pequeno,B
Orlândia,159,44028,-20.7169,-47.8852,Região Administrativa de Franca,Médio,B+
Osasco,8,698418,-23.5324,-46.7916,Região Metropolitana de São Paulo,Grande,B
Oscar Bressane,603,2603,-22.3149,-50.2811,Região Administrativa de Marília,Muito Pequeno,B
Osvaldo Cruz,193,32879,-21.7968,-50.8793,Região Administrativa de Presidente Prudente,Médio,B+
Ourinhos,75,113542,-22.9797,-49.8697,Região Administrativa de Marília,Médio,B
Ouro Verde,407,8562,-21.4872,-51.7024,Região Administrativa de Presidente Prudente,Pequeno,C
Ouroeste,375,10361,-20.0061,-50.3768,Região Administrativa de São José do Rio Preto,Pequeno,B
Pacaembu,320,14197,-21.5627,-51.2654,Região Administrativa de Presidente Prudente,Pequeno,C+
Palestina,337,12957,-20.39,-49.4309,Região Administrativa de São José do Rio Preto,Pequeno,C
Palmares Paulista,332,13275,-21.0854,-48.8037,Região Administrativa de São José do Rio Preto,Pequeno,C+
Palmeira d'Oeste,391,9283,-20.4148,-50.7632,Região Administrativa de São José do Rio Preto,Pequeno,C+
Palmital,243,22221,-22.7858,-50.218,Região Administrativa de Marília,Médio,A
Panorama,302,15777,-21.354,-51.8562,Região Administrativa de Presidente Prudente,Pequeno,B
Paraguaçu Paulista,152,45703,-22.4114,-50.5732,Região Administrativa de Marília,Médio,B+
Paraibuna,275,18222,-23.3872,-45.6639,Região Administrativa de São José dos Campos,Pequeno,C+
Paranapanema,259,20197,-23.3862,-48.7214,Região Administrativa de Itapeva,Pequeno,B
Paranapuã,549,4078,-20.1048,-50.5886,Região Administrativa de São José do Rio Preto,Muito Pequeno,C
Parapuã,365,10964,-21.7792,-50.7949,Região Administrativa de Marília,Pequeno,C+
Paraíso,454,6454,-21.0159,-48.7761,Região Administrativa de São José do Rio Preto,Pequeno,B
Pardinho,455,6435,-23.0841,-48.3679,Região Administrativa de Sorocaba,Pequeno,B
Pariquera-Açu,263,19648,-24.7147,-47.8742,Região Administrativa de Registro,Pequeno,B
Parisi,619,2161,-20.3034,-50.0163,Região Administrativa de São José do Rio Preto,Muito Pequeno,C
Patrocínio Paulista,317,14670,-20.6384,-47.2801,Região Administrativa de Franca,Pequeno,B
Pauliceia,436,7366,-21.3153,-51.8321,Região Administrativa de Presidente Prudente,Pequeno,C
Paulistânia,633,1833,-22.5768,-49.4008,Região Administrativa de Bauru,Muito Pequeno,A
Paulo de Faria,397,8945,-20.0296,-49.4,Região Administrativa de São José do Rio Preto,Pequeno,B
Paulínia,76,109424,-22.7542,-47.1488,Região Administrativa de Campinas,Médio,A
Pederneiras,151,46687,-22.3511,-48.7781,Região Administrativa de Bauru,Médio,B+
Pedra Bela,466,6093,-22.7902,-46.4455,Região Administrativa de Campinas,Pequeno,C
Pedranópolis,609,2494,-20.2474,-50.1129,Região Administrativa de São José do Rio Preto,Muito Pequeno,A
Pedregulho,293,16744,-20.2535,-47.4775,Região Administrativa de Franca,Pequeno,B
Pedreira,145,47919,-22.7413,-46.8948,Região Administrativa de Campinas,Médio,B
Pedrinhas Paulista,586,3093,-22.8174,-50.7933,Região Administrativa de Marília,Muito Pequeno,B+
Pedro de Toledo,357,11331,-24.2764,-47.2354,Região Administrativa de Registro,Pequeno,C
Penápolis,112,63407,-21.4148,-50.0769,Região Administrativa de Araçatuba,Médio,B
Pereira Barreto,224,25669,-20.6368,-51.1123,Região Administrativa de Araçatuba,Médio,B
Pereiras,404,8668,-23.0804,-47.972,Região Administrativa de Sorocaba,Pequeno,B+
Peruíbe,110,68284,-24.312,-47.0012,Região Administrativa de Santos,Médio,B
Piacatu,473,5980,-21.5921,-50.6003,Região Administrativa de Araçatuba,Pequeno,A
Piedade,129,55348,-23.7139,-47.4256,Região Administrativa de Sorocaba,Médio,C+
Pilar do Sul,208,29185,-23.8077,-47.7222,Região Administrativa de Sorocaba,Médio,B
Pindamonhangaba,49,168328,-22.9246,-45.4613,Região Administrativa de São José dos Campos,Médio,C+
Pindorama,292,17049,-21.1853,-48.9086,Região Administrativa de São José do Rio Preto,Pequeno,C+
Pinhalzinho,308,15207,-22.7811,-46.5897,Região Administrativa de Campinas,Pequeno,C+
Piquerobi,562,3692,-21.8747,-51.7282,Região Administrativa de Presidente Prudente,Muito Pequeno,C+
Piquete,326,13657,-22.6069,-45.1869,Região Administrativa de São José dos Campos,Pequeno,B
Piracaia,215,27303,-23.0525,-46.3594,Região Administrativa de Campinas,Médio,C
Piracicaba,16,404142,-22.7338,-47.6476,Região Administrativa de Campinas,Grande,A
Piraju,203,29806,-23.1981,-49.3803,Região Administrativa de Itapeva,Médio,C+
Pirajuí,225,25492,-21.999,-49.4608,Região Administrativa de Bauru,Médio,C
Pirangi,355,11417,-21.0886,-48.6607,Região Administrativa de Barretos,Pequeno,A
Pirapora do Bom Jesus,267,18895,-23.3965,-46.9991,Região Metropolitana de São Paulo,Pequeno,C
Pirapozinho,213,27527,-22.2711,-51.4976,Região Administrativa de Presidente Prudente,Médio,C+
Pirassununga,102,76409,-21.996,-47.4257,Região Administrativa de Campinas,Médio,B+
Piratininga,328,13636,-22.4142,-49.1339,Região Administrativa de Bauru,Pequeno,B+
Pitangueiras,171,39719,-21.0132,-48.221,Região Administrativa de Ribeirão Preto,Médio,B
Planalto,498,5237,-21.0342,-49.933,Região Administrativa de São José do Rio Preto,Pequeno,C
Platina,568,3550,-22.6371,-50.2104,Região Administrativa de Marília,Muito Pequeno,B
Poloni,468,6059,-20.7829,-49.8258,Região Administrativa de São José do Rio Preto,Pequeno,C
Pompeia,244,22014,-22.107,-50.176,Região Administrativa de Marília,Médio,B
Pongaí,573,3416,-21.7396,-49.3604,Região Administrativa de Bauru,Muito Pequeno,A
Pontal,140,49961,-21.0216,-48.0423,Região Administrativa de Ribeirão Preto,Médio,C+
Pontalinda,522,4628,-20.4396,-50.5258,Região Administrativa de São José do Rio Preto,Muito Pequeno,B+
Pontes Gestal,604,2577,-20.1727,-49.7064,Região Administrativa de São José do Rio Preto,Muito Pequeno,C
Populina,538,4169,-19.9453,-50.538,Região Administrativa de São José do Rio Preto,Muito Pequeno,B
Porangaba,380,9925,-23.1761,-48.1195,Região Administrativa de Sorocaba,Pequeno,B
Porto Feliz,133,53098,-23.2093,-47.5251,Região Administrativa de Sorocaba,Médio,C+
Porto Ferreira,127,56150,-21.8498,-47.487,Região Administrativa Central,Médio,C
Potim,232,24643,-22.8343,-45.2552,Região Administrativa de São José dos Campos,Médio,C
Potirendaba,286,17361,-21.0428,-49.3815,Região Administrativa de São José do Rio Preto,Pequeno,C+
Poá,74,117452,-23.5333,-46.3473,Região Metropolitana de São Paulo,Médio,B
Pracinha,547,4093,-21.8496,-51.0868,Região Administrativa de Presidente Prudente,Muito Pequeno,C
Pradópolis,248,21496,-21.3626,-48.0679,Região Administrativa de Ribeirão Preto,Médio,B
Praia Grande,22,325073,-24.0084,-46.4121,Região Administrativa de Santos,Grande,B+
Pratânia,497,5261,-22.8112,-48.6636,Região Administrativa de Sorocaba,Pequeno,C
Presidente Alves,546,4094,-22.0999,-49.4381,Região Administrativa de Bauru,Muito Pequeno,C+
Presidente Bernardes,335,13106,-22.0082,-51.5565,Região Administrativa de Presidente Prudente,Pequeno,C+
Presidente Epitácio,158,44200,-21.7651,-52.1111,Região Administrativa de Presidente Prudente,Médio,B
Presidente Prudente,40,228743,-22.1207,-51.3925,Região Administrativa de Presidente Prudente,Grande,A
Presidente Venceslau,172,39516,-21.8732,-51.8447,Região Administrativa de Presidente Prudente,Médio,C+
Promissão,169,40432,-21.5356,-49.8599,Região Administrativa de Bauru,Médio,B
Quadra,560,3804,-23.2993,-48.0547,Região Administrativa de Sorocaba,Muito Pequeno,B+
Quatá,321,14109,-22.2456,-50.6966,Região Administrativa de Marília,Pequeno,B
Queiroz,574,3406,-21.7969,-50.2415,Região Administrativa de Marília,Muito Pequeno,C+
Queluz,330,13420,-22.5312,-44.7781,Região Administrativa de São José dos Campos,Pequeno,C
Quintana,449,6638,-22.0692,-50.307,Região Administrativa de Marília,Pequeno,B+
Rafard,395,9076,-23.0105,-47.5318,Região Administrativa de Campinas,Pequeno,C
Rancharia,205,29707,-22.2269,-50.893,Região Administrativa de Presidente Prudente,Médio,B+
Redenção da Serra,557,3851,-23.2638,-45.5422,Região Administrativa de São José dos Campos,Muito Pequeno,B
Regente Feijó,258,20261,-22.2181,-51.3055,Região Administrativa de Presidente Prudente,Pequeno,B
Reginópolis,385,9621,-21.8914,-49.2268,Região Administrativa de Bauru,Pequeno,C
Registro,126,56322,-24.4979,-47.8449,Região Administrativa de Registro,Médio,B+
Restinga,431,7593,-20.6056,-47.4833,Região Administrativa de Franca,Pequeno,B+
Ribeira,576,3340,-24.6517,-49.0044,Região Administrativa de Itapeva,Muito Pequeno,C
Ribeirão Bonito,334,13219,-22.0685,-48.182,Região Administrativa Central,Pequeno,C
Ribeirão Branco,296,16444,-24.2206,-48.7635,Região Administrativa de Itapeva,Pequeno,C
Ribeirão Corrente,519,4718,-20.4579,-47.5904,Região Administrativa de Franca,Muito Pequeno,B+
Ribeirão Grande,427,7673,-24.1011,-48.3679,Região Administrativa de Marília,Muito Pequeno,B
Ribeirão Pires,64,123393,-23.7067,-46.4058,Região Administrativa de Presidente Prudente,Muito Pequeno,C+
Ribeirão Preto,7,703293,-21.1699,-47.8099,Região Administrativa de Itapeva,Pequeno,B+
Ribeirão do Sul,524,4541,-22.789,-49.933,Região Metropolitana de São Paulo,Médio,C+
Ribeirão dos Índios,618,2225,-21.8382,-51.6103,Região Administrativa de Ribeirão Preto,Grande,B
Rifaina,566,3629,-20.0803,-47.4291,Região Administrativa de Franca,Muito Pequeno,A
Rincão,370,10799,-21.5894,-48.0728,Região Administrativa Central,Pequeno,C+
Rinópolis,379,9981,-21.7284,-50.7239,Região Administrativa de Marília,Pequeno,B+
Rio Claro,41,206424,-22.3984,-47.5546,Região Administrativa de Campinas,Grande,B
Rio Grande da Serra,137,50846,-23.7437,-46.3971,Região Administrativa de Campinas,Médio,C
Rio das Pedras,182,35228,-22.8417,-47.6047,Região Metropolitana de São Paulo,Médio,C
Riolândia,341,12518,-19.9868,-49.6836,Região Administrativa de São José do Rio Preto,Pequeno,C
Riversul,491,5524,-23.829,-49.429,Região Administrativa de Itapeva,Pequeno,B+
Rosana,294,16643,-22.5782,-53.0603,Região Administrativa de Presidente Prudente,Pequeno,B
Roseira,371,10712,-22.8938,-45.307,Região Administrativa de São José dos Campos,Pequeno,C
Rubineia,581,3148,-20.1759,-51.007,Região Administrativa de São José do Rio Preto,Muito Pequeno,B
Rubiácea,583,3128,-21.3006,-50.7296,Região Administrativa de Araçatuba,Muito Pequeno,C+
Sabino,489,5590,-21.4593,-49.5755,Região Administrativa de Bauru,Pequeno,B
Sagres,612,2432,-21.8823,-50.9594,Região Administrativa de Presidente Prudente,Muito Pequeno,C+
Sales,457,6331,-21.3427,-49.4897,Região Administrativa de São José do Rio Preto,Pequeno,C+
Sales Oliveira,351,11890,-20.7696,-47.8369,Região Administrativa de Franca,Pequeno,B
Salesópolis,291,17139,-23.5288,-45.8465,Região Metropolitana de São Paulo,Pequeno,B+
Salmourão,495,5300,-21.6267,-50.8614,Região Administrativa de Presidente Prudente,Pequeno,C+
Saltinho,413,8286,-22.8442,-47.6754,Região Administrativa de Campinas,Pequeno,B+
Salto,73,118663,-23.1996,-47.2931,Região Administrativa de Sorocaba,Médio,B+
Salto Grande,390,9331,-22.8894,-49.9831,Região Administrativa de Sorocaba,Médio,B
Salto de Pirapora,153,45422,-23.6474,-47.5743,Região Administrativa de Marília,Pequeno,B
Sandovalina,531,4302,-22.4551,-51.7648,Região Administrativa de Presidente Prudente,Muito Pequeno,B+
Santa Adélia,305,15480,-21.2427,-48.8063,Região Administrativa de São José do Rio Preto,Pequeno,B+
Santa Albertina,472,6008,-20.0311,-50.7297,Região Administrativa de São José do Rio Preto,Pequeno,C
Santa Branca,316,14788,-23.3933,-45.8875,Região Administrativa de São José dos Campos,Pequeno,C
Santa Bárbara d'Oeste,44,193475,-22.7553,-47.4143,Região Administrativa de Campinas,Médio,B+
Santa Clara d'Oeste,622,2115,-20.09,-50.9491,Região Administrativa de São José do Rio Preto,Muito Pequeno,A
Santa Cruz da Conceição,527,4503,-22.1405,-47.4512,Região Administrativa de Campinas,Muito Pequeno,C+
Santa Cruz da Esperança,620,2139,-21.2951,-47.4304,Região Administrativa de Ribeirão Preto,Muito Pequeno,A
Santa Cruz das Palmeiras,186,34361,-21.8235,-47.24800000000001,Região Administrativa de Campinas,Médio,B
Santa Cruz do Rio Pardo,146,47673,-22.8988,-49.6354,Região Administrativa de Marília,Médio,A
Santa Ernestina,488,5599,-21.4618,-48.3953,Região Administrativa Central,Pequeno,B
Santa Fé do Sul,196,32322,-20.2083,-50.932,Região Administrativa de São José do Rio Preto,Médio,B+
Santa Gertrudes,217,26898,-22.4572,-47.5272,Região Administrativa de Campinas,Médio,A
Santa Isabel,122,57386,-23.3172,-46.2237,Região Metropolitana de São Paulo,Médio,B
Santa Lúcia,402,8817,-21.685,-48.0885,Região Administrativa Central,Pequeno,B
Santa Maria da Serra,464,6173,-22.5661,-48.1593,Região Administrativa de Campinas,Pequeno,C
Santa Mercedes,590,2939,-21.3495,-51.7564,Região Administrativa de Presidente Prudente,Muito Pequeno,C
Santa Rita d'Oeste,607,2498,-20.1414,-50.8358,Região Administrativa de São José do Rio Preto,Muito Pequeno,C
Santa Rita do Passa Quatro,212,27557,-21.7083,-47.478,Região Administrativa Central,Médio,B
Santa Rosa de Viterbo,219,26540,-21.4776,-47.3622,Região Administrativa de Ribeirão Preto,Médio,A
Santa Salete,640,1545,-20.2429,-50.6887,Região Administrativa de São José do Rio Preto,Muito Pequeno,C+
Santana da Ponte Pensa,641,1487,-20.2523,-50.8014,Região Administrativa de São José do Rio Preto,Muito Pequeno,B
Santana de Parnaíba,57,139447,-23.4439,-46.9178,Região Metropolitana de São Paulo,Médio,B+
Santo Anastácio,253,20878,-21.9747,-51.6527,Região Administrativa de Presidente Prudente,Médio,B
Santo André,6,718773,-23.6737,-46.5432,Região Metropolitana de São Paulo,Grande,B
Santo Antônio da Alegria,443,6929,-21.0864,-47.1464,Região Administrativa de Ribeirão Preto,Pequeno,B
Santo Antônio de Posse,237,23310,-22.6029,-46.9192,Região Administrativa de Campinas,Médio,B
Santo Antônio do Aracanguá,409,8420,-20.9331,-50.49800000000001,Região Administrativa de Araçatuba,Pequeno,C
Santo Antônio do Jardim,475,5954,-22.1121,-46.6845,Região Administrativa de Campinas,Pequeno,B
Santo Antônio do Pinhal,445,6811,-22.827,-45.663,Região Administrativa de São José dos Campos,Pequeno,C
Santo Expedito,585,3111,-21.8467,-51.3929,Região Administrativa de Presidente Prudente,Muito Pequeno,A
Santos,13,433311,-23.9535,-46.335,Região Administrativa de Santos,Grande,A
Santópolis do Aguapeí,516,4777,-21.6376,-50.5044,Região Administrativa de Araçatuba,Muito Pequeno,B
Sarapuí,376,10285,-23.6397,-47.8249,Região Administrativa de Sorocaba,Pequeno,C
Sarutaiá,565,3638,-23.2721,-49.4763,Região Administrativa de Itapeva,Muito Pequeno,B
Sebastianópolis do Sul,569,3513,-20.6523,-49.925,Região Administrativa de São José do Rio Preto,Muito Pequeno,B+
Serra Azul,318,14662,-21.3074,-47.5602,Região Administrativa de Ribeirão Preto,Pequeno,B
Serra Negra,207,29229,-22.6139,-46.7033,Região Administrativa de Campinas,Médio,C+
Serrana,154,45107,-21.2043,-47.5952,Região Administrativa de Ribeirão Preto,Médio,C
Sertãozinho,61,125815,-21.1316,-47.9875,Região Administrativa de Ribeirão Preto,Médio,B+
Sete Barras,339,12832,-24.382,-47.9279,Região Administrativa de Registro,Pequeno,C+
Severínia,284,17496,-20.8108,-48.8054,Região Administrativa de Barretos,Pequeno,C+
Silveiras,460,6302,-22.6638,-44.8522,Região Administrativa de São José dos Campos,Pequeno,C
Socorro,165,41005,-22.5903,-46.5251,Região Administrativa de Campinas,Médio,B+
Sorocaba,9,679378,-23.4969,-47.4451,Região Administrativa de Sorocaba,Grande,B+
Sud Mennucci,426,7718,-20.6872,-50.9238,Região Administrativa de Araçatuba,Pequeno,B
Sumaré,28,282441,-22.8204,-47.2728,Região Administrativa de Campinas,Grande,C
Suzano,26,297637,-23.5448,-46.3112,Região Metropolitana de São Paulo,Grande,B
Suzanápolis,553,3963,-20.4981,-51.0268,Região Administrativa de Araçatuba,Muito Pequeno,C
São Bento do Sapucaí,367,10878,-22.6837,-45.7287,Região Administrativa de São José dos Campos,Pequeno,B
São Bernardo do Campo,4,838936,-23.6914,-46.5646,Região Metropolitana de São Paulo,Grande,A
São Caetano do Sul,51,161127,-23.6229,-46.5548,Região Metropolitana de São Paulo,Médio,A
São Carlos,31,251983,-22.0174,-47.886,Região Administrativa Central,Grande,B+
São Francisco,593,2821,-20.3623,-50.6952,Região Administrativa de São José do Rio Preto,Muito Pequeno,C
São Joaquim da Barra,136,51888,-20.5812,-47.8593,Região Administrativa de Franca,Médio,B
São José da Bela Vista,400,8928,-20.5935,-47.6424,Região Administrativa de Franca,Pequeno,C
São José do Barreiro,542,4147,-22.6414,-44.5774,Região Administrativa de São José dos Campos,Muito Pequeno,C
São José do Rio Pardo,130,54946,-21.5953,-46.8873,Região Administrativa de Campinas,Médio,C
São José do Rio Preto,11,460671,-20.8113,-49.3758,Região Administrativa de São José do Rio Preto,Grande,B+
São José dos Campos,5,721944,-23.1896,-45.8841,Região Administrativa de São José dos Campos,Grande,A
São João da Boa Vista,86,91211,-21.9707,-46.7944,Região Administrativa de Campinas,Médio,A
São João das Duas Pontes,605,2568,-20.3879,-50.3792,Região Administrativa de São José do Rio Preto,Muito Pequeno,C
São João de Iracema,628,1922,-20.5111,-50.3561,Região Administrativa de Araçatuba,Muito Pequeno,C+
São João do Pau d'Alho,624,2105,-21.2662,-51.6672,Região Administrativa de Presidente Prudente,Muito Pequeno,B
São Lourenço da Serra,301,15825,-23.8491,-46.9432,Região Metropolitana de São Paulo,Pequeno,C
São Luís do Paraitinga,372,10687,-23.221999999999998,-45.3109,Região Administrativa de São José dos Campos,Pequeno,C
São Manuel,166,40954,-22.7321,-48.5723,Região Administrativa de Sorocaba,Médio,A
São Miguel Arcanjo,192,32931,-23.8782,-47.9935,Região Administrativa de Sorocaba,Médio,B+
São Pedro,179,35653,-22.5483,-47.9096,Região Administrativa de Campinas,Médio,C+
São Pedro do Turvo,428,7666,-22.7453,-49.7428,Região Administrativa de Marília,Pequeno,B
São Roque,87,91016,-23.5226,-47.1357,Região Administrativa de Sorocaba,Médio,C
São Sebastião,91,88980,-23.7951,-45.4143,Região Administrativa de São José dos Campos,Médio,B
São Sebastião da Grama,348,12182,-21.7041,-46.8208,Região Administrativa de Campinas,Pequeno,C
São Simão,306,15322,-21.4732,-47.5518,Região Administrativa de Ribeirão Preto,Pequeno,C
São Vicente,20,365798,-23.9574,-46.3883,Região Administrativa de Santos,Grande,B+
Tabapuã,344,12407,-20.9602,-49.0307,Região Administrativa de São José do Rio Preto,Pequeno,C+
Tabatinga,295,16496,-21.7239,-48.6896,Região Administrativa Central,Pequeno,C
Taboão da Serra,27,289664,-23.6019,-46.7526,Região Metropolitana de São Paulo,Grande,B
Taciba,462,6285,-22.3866,-51.2882,Região Administrativa de Presidente Prudente,Pequeno,B+
Taguaí,324,13859,-23.4452,-49.4024,Região Administrativa de Itapeva,Pequeno,B
Taiaçu,461,6295,-21.1431,-48.5112,Região Administrativa de Barretos,Pequeno,C
Taiúva,490,5566,-21.1223,-48.4528,Região Administrativa de Barretos,Pequeno,A
Tambaú,239,23207,-21.7029,-47.2703,Região Administrativa de Campinas,Médio,B+
Tanabi,223,25967,-20.6228,-49.6563,Região Administrativa de São José do Rio Preto,Médio,B
Tapiratiba,336,12960,-21.4713,-46.7448,Região Administrativa de Campinas,Pequeno,B
Tapiraí,423,7807,-23.9612,-47.5062,Região Administrativa de Sorocaba,Pequeno,C
Taquaral,594,2811,-21.0737,-48.4126,Região Administrativa de Ribeirão Preto,Muito Pequeno,B
Taquaritinga,123,57177,-21.4049,-48.5103,Região Administrativa Central,Médio,B
Taquarituba,238,23218,-23.5307,-49.24100000000001,Região Administrativa de Itapeva,Médio,B
Taquarivaí,478,5852,-23.9211,-48.6948,Região Administrativa de Itapeva,Pequeno,B
Tarabai,433,7468,-22.3016,-51.5621,Região Administrativa de Presidente Prudente,Pequeno,C+
Tarumã,311,15000,-22.7429,-50.5786,Região Administrativa de Marília,Pequeno,B
Tatuí,70,121766,-23.3487,-47.8461,Região Administrativa de Sorocaba,Médio,B+
Taubaté,24,314924,-23.0104,-45.5593,Região Administrativa de São José dos Campos,Grande,B
Tejupá,525,4532,-23.3425,-49.3722,Região Administrativa de Itapeva,Muito Pequeno,C
Teodoro Sampaio,240,23148,-22.5299,-52.1682,Região Administrativa de Presidente Prudente,Médio,B
Terra Roxa,389,9370,-20.787,-48.3314,Região Administrativa de Barretos,Pequeno,B
Tietê,162,42076,-23.1101,-47.7164,Região Administrativa de Sorocaba,Médio,A
Timburi,600,2658,-23.2057,-49.6096,Região Administrativa de Marília,Muito Pequeno,C+
Torre de Pedra,613,2412,-23.2462,-48.1955,Região Administrativa de Sorocaba,Muito Pequeno,B
Torrinha,378,10010,-22.4237,-48.1731,Região Administrativa de Campinas,Pequeno,C+
Trabiju,638,1724,-22.0388,-48.3342,Região Administrativa Central,Muito Pequeno,C
Tremembé,147,47185,-22.9571,-45.5475,Região Administrativa de São José dos Campos,Médio,C
Três Fronteiras,480,5807,-20.2344,-50.8905,Região Administrativa de São José do Rio Preto,Pequeno,C
Tuiuti,444,6894,-22.8193,-46.6937,Região Administrativa de Campinas,Pequeno,C
Tupi Paulista,303,15495,-21.3825,-51.575,Região Administrativa de Presidente Prudente,Pequeno,A
Tupã,111,65524,-21.9335,-50.5191,Região Administrativa de Marília,Médio,B
Turiúba,626,2016,-20.9428,-50.1135,Região Administrativa de Araçatuba,Muito Pequeno,C+
Turmalina,637,1727,-20.0486,-50.4792,Região Administrativa de São José do Rio Preto,Muito Pequeno,C
Ubarana,459,6309,-21.165,-49.7198,Região Administrativa de São José do Rio Preto,Pequeno,C+
Ubatuba,88,90799,-23.4332,-45.0834,Região Administrativa de São José dos Campos,Médio,C+
Ubirajara,515,4780,-22.5272,-49.6613,Região Administrativa de Bauru,Muito Pequeno,C
Uchoa,377,10110,-20.9511,-49.1713,Região Administrativa de São José do Rio Preto,Pequeno,B
União Paulista,631,1844,-20.8862,-49.9025,Região Administrativa de São José do Rio Preto,Muito Pequeno,B
Uru,644,1165,-21.7866,-49.2848,Região Administrativa de Bauru,Muito Pequeno,C
Urupês,325,13809,-21.2032,-49.2931,Região Administrativa de São José do Rio Preto,Pequeno,B
Urânia,394,9114,-20.2455,-50.6455,Região Administrativa de São José do Rio Preto,Pequeno,C
Valentim Gentil,331,13326,-20.4217,-50.0889,Região Administrativa de São José do Rio Preto,Pequeno,C+
Valinhos,60,129193,-22.9698,-46.9974,Região Administrativa de Campinas,Médio,C+
Valparaíso,220,26480,-21.2229,-50.8699,Região Administrativa de Araçatuba,Médio,A
Vargem,374,10537,-22.887,-46.4124,Região Administrativa de Campinas,Pequeno,C
Vargem Grande Paulista,134,52597,-23.5993,-47.022,Região Administrativa de Campinas,Médio,A
Vargem Grande do Sul,161,42845,-21.8322,-46.8913,Região Metropolitana de São Paulo,Médio,C+
Vera Cruz,369,10843,-22.2183,-49.8207,Região Administrativa de Marília,Pequeno,C
Vinhedo,97,78728,-23.0302,-46.9833,Região Administrativa de Campinas,Médio,B+
Viradouro,266,18898,-20.8734,-48.293,Região Administrativa de Barretos,Pequeno,B
Vista Alegre do Alto,403,8810,-21.1692,-48.6284,Região Administrativa de Barretos,Pequeno,B
Vitória Brasil,632,1840,-20.1956,-50.4875,Região Administrativa de São José do Rio Preto,Muito Pequeno,C
Votorantim,65,122480,-23.5446,-47.4388,Região Administrativa de Sorocaba,Médio,B
Votuporanga,82,94547,-20.4237,-49.9781,Região Administrativa de São José do Rio Preto,Médio,A
Várzea Paulista,68,121838,-23.2136,-46.8234,Região Administrativa de Campinas,Médio,B+
Zacarias,598,2718,-21.0506,-50.0552,Região Administrativa de São José do Rio Preto,Muito Pequeno,B
Águas da Prata,415,8180,-21.9319,-46.7176,Região Administrativa de Campinas,Pequeno,B
Águas de Lindoia,269,18705,-22.4733,-46.6314,Região Administrativa de Campinas,Pequeno,C+
Águas de Santa Bárbara,467,6075,-22.8812,-49.2421,Região Administrativa de Sorocaba,Pequeno,B
Águas de São Pedro,572,3451,-22.5977,-47.8734,Região Administrativa de Campinas,Muito Pequeno,C+
Álvares Florence,563,3679,-20.3203,-49.9141,Região Administrativa de São José do Rio Preto,Muito Pequeno,C
Álvares Machado,230,24915,-22.0764,-51.4722,Região Administrativa de Presidente Prudente,Médio,C
Álvaro de Carvalho,499,5227,-22.0841,-49.719,Região Administrativa de Marília,Pequeno,C+
Óleo,608,2496,-22.9435,-49.3419,Região Administrativa de Marília,Muito Pequeno,C
